<?xml version="1.0" encoding="UTF-8"?>
<!DOCTYPE mapper PUBLIC "-//mybatis.org//DTD Mapper 3.0//EN"
	"http://mybatis.org/dtd/mybatis-3-mapper.dtd">

<mapper namespace="TeamNaver.mapper.myreview.MyReviewMapper">	<!-- xml파일을 사용할 mapper가 있는 경로 -->
	<!-- <select> 태그를 이용하여 select 쿼리임을 나타냄. 앞서 mapper에서 말했던 메소드의 이름은 select 쿼리의 id값과 같아야함. -->
	<!--목록출력-->
	<select id="getList" resultType="TeamNaver.dto.MyReview.MyReviewDto">	
		SELECT 
		* 
		FROM myreview
	</select>
	
	<!--상세페이지-->
	<select id="myReviewDetail" resultType="TeamNaver.dto.MyReview.MyReviewDto">
		SELECT
		*
		FROM myreview
		WHERE NO = #{no}
	</select>
	<!--글쓰기 저장-->
	<insert id="myReviewInsert" parameterType="TeamNaver.dto.MyReview.MyReviewDto">
		INSERTE INTO
		MYREVIEW (TITLE,WRITER,CONTENT)
		VALUES(#{title},#{writer},#{content})
	</insert>
	<!--수정-->
	<update id="myReviewUpdate" parameterType="TeamNaver.dto.MyReview.MyReviewDto">
		UPDATE myreview
			SET
		<if test="title != null">
			TITLE = #{title}
		</if>
		<if test="title != null and content != null"> , </if>
		<if test="content != null">
			CONTENT = #{content}
		</if>
		WHERE no = #{no}
	</update>
	<!--삭제-->
	<delete id="myReviewDelete" parameterType="int">
		DELETE FROM myreview WHERE no = #{no}
	</delete>

</mapper>